COUNTRY,ISO3,NUMISO,COWCODE,ARDAID,CODER,REGION,SBX1990X,SBX1990,SBX1991,SBX1992,SBX1993,SBX1994,SBX1995,SBX1996,SBX1997,SBX1998,SBX1999,SBX2000,SBX2001,SBX2002,SBX2003,SBX2004,SBX2005,SBX2006,SBX2007,SBX2008,SBX2009,SBX2010,SBX2011,SBX2012,SBX2013,SBX2014,SBX2014X
Afghanistan,AFG,4.0,700.0,1.0,3,2,12,,,12.0,12.0,12.0,12.0,13.0,13.0,13.0,13.0,13.0,13.0,12.0,12.0,12.0,12.0,12.0,12.0,12.0,12.0,12.0,12,12.0,12.0,12.0,12
Albania,ALB,8.0,339.0,3.0,1,1,6,6.0,6.0,6.0,6.0,6.0,6.0,6.0,6.0,6.0,6.0,6.0,6.0,6.0,6.0,6.0,6.0,6.0,6.0,6.0,6.0,6.0,6,6.0,6.0,6.0,6
Algeria,DZA,12.0,615.0,4.0,1,3,10,10.0,10.0,10.0,10.0,10.0,10.0,10.0,10.0,10.0,10.0,10.0,10.0,10.0,10.0,10.0,10.0,10.0,10.0,10.0,10.0,10.0,10,10.0,10.0,10.0,10
Andorra,AND,20.0,232.0,6.0,1,0,9,9.0,9.0,9.0,9.0,9.0,9.0,9.0,9.0,9.0,9.0,9.0,9.0,9.0,9.0,9.0,9.0,9.0,9.0,9.0,9.0,9.0,9,9.0,9.0,9.0,9
Angola,AGO,24.0,540.0,7.0,2,4,4,4.0,4.0,4.0,4.0,4.0,4.0,4.0,4.0,4.0,4.0,4.0,4.0,4.0,4.0,4.0,4.0,4.0,4.0,9.0,9.0,9.0,9,9.0,9.0,9.0,9
Argentina,ARG,32.0,160.0,11.0,1,5,10,10.0,10.0,10.0,10.0,9.0,9.0,9.0,9.0,9.0,9.0,9.0,9.0,9.0,9.0,9.0,9.0,9.0,9.0,9.0,9.0,9.0,9,9.0,9.0,9.0,9
Armenia,ARM,51.0,371.0,12.0,1,1,9,,9.0,9.0,9.0,9.0,9.0,9.0,9.0,9.0,9.0,9.0,9.0,9.0,9.0,9.0,9.0,9.0,9.0,9.0,9.0,9.0,9,9.0,9.0,9.0,9
Australia,AUS,36.0,900.0,14.0,0,0,4,4.0,4.0,4.0,4.0,4.0,4.0,4.0,4.0,4.0,4.0,4.0,4.0,4.0,4.0,4.0,4.0,4.0,4.0,4.0,4.0,4.0,4,4.0,4.0,4.0,4
Austria,AUT,40.0,305.0,15.0,1,0,6,6.0,6.0,6.0,6.0,6.0,6.0,6.0,6.0,7.0,7.0,7.0,7.0,7.0,7.0,7.0,7.0,7.0,7.0,7.0,7.0,7.0,7,7.0,7.0,7.0,7
Azerbaijan,AZE,31.0,373.0,16.0,1,1,3,,3.0,3.0,3.0,3.0,3.0,3.0,3.0,3.0,3.0,3.0,3.0,3.0,3.0,3.0,3.0,3.0,3.0,3.0,3.0,3.0,3,3.0,3.0,3.0,3
Bahamas,BHS,44.0,31.0,17.0,1,5,9,9.0,9.0,9.0,9.0,9.0,9.0,9.0,9.0,9.0,9.0,9.0,9.0,9.0,9.0,9.0,9.0,9.0,9.0,9.0,9.0,9.0,9,9.0,9.0,9.0,9
Bahrain,BHR,48.0,692.0,18.0,1,3,11,11.0,11.0,11.0,11.0,11.0,11.0,11.0,11.0,11.0,11.0,11.0,11.0,11.0,11.0,11.0,11.0,11.0,11.0,11.0,11.0,11.0,11,11.0,11.0,11.0,11
Bangladesh,BGD,50.0,771.0,19.0,2,2,10,10.0,10.0,10.0,10.0,10.0,10.0,10.0,10.0,10.0,10.0,10.0,10.0,10.0,10.0,10.0,10.0,10.0,10.0,10.0,10.0,10.0,10,10.0,10.0,10.0,10
Barbados,BRB,52.0,53.0,20.0,1,5,4,4.0,4.0,4.0,4.0,4.0,4.0,4.0,4.0,4.0,4.0,4.0,4.0,4.0,4.0,4.0,4.0,4.0,4.0,4.0,4.0,4.0,4,4.0,4.0,4.0,4
Belarus,BLR,112.0,370.0,21.0,1,1,8,,8.0,8.0,8.0,8.0,8.0,8.0,8.0,8.0,8.0,8.0,8.0,8.0,8.0,8.0,8.0,8.0,8.0,8.0,8.0,8.0,8,8.0,8.0,8.0,8
Belgium,BEL,56.0,211.0,22.0,0,0,6,6.0,6.0,6.0,6.0,6.0,6.0,6.0,6.0,6.0,6.0,6.0,6.0,6.0,6.0,6.0,6.0,6.0,6.0,6.0,6.0,6.0,6,6.0,6.0,6.0,6
Belize,BLZ,84.0,80.0,23.0,1,5,9,9.0,9.0,9.0,9.0,9.0,9.0,9.0,9.0,9.0,9.0,9.0,9.0,9.0,9.0,9.0,9.0,9.0,9.0,9.0,9.0,9.0,9,9.0,9.0,9.0,9
Benin,BEN,204.0,434.0,24.0,2,4,4,4.0,4.0,4.0,4.0,4.0,4.0,4.0,4.0,4.0,4.0,4.0,4.0,4.0,4.0,4.0,4.0,4.0,4.0,4.0,4.0,4.0,4,5.0,5.0,5.0,5
Bhutan,BTN,64.0,760.0,26.0,2,2,10,10.0,10.0,10.0,10.0,10.0,10.0,10.0,10.0,10.0,10.0,10.0,10.0,10.0,10.0,10.0,10.0,10.0,10.0,10.0,10.0,10.0,10,10.0,10.0,10.0,10
Bolivia,BOL,68.0,145.0,27.0,1,5,10,10.0,10.0,10.0,10.0,10.0,10.0,10.0,10.0,10.0,10.0,10.0,10.0,10.0,10.0,10.0,10.0,10.0,10.0,10.0,8.0,8.0,8,8.0,8.0,8.0,8
Bosnia,BIH,70.0,346.0,28.0,1,1,7,,,,,,7.0,7.0,7.0,7.0,7.0,7.0,7.0,7.0,7.0,7.0,7.0,7.0,7.0,7.0,7.0,7.0,7,7.0,7.0,7.0,7
Botswana,BWA,72.0,571.0,29.0,2,4,4,4.0,4.0,4.0,4.0,4.0,4.0,4.0,4.0,4.0,4.0,4.0,4.0,4.0,4.0,4.0,4.0,4.0,4.0,4.0,4.0,4.0,4,4.0,4.0,4.0,4
Brazil,BRA,76.0,140.0,31.0,1,5,5,5.0,5.0,5.0,5.0,5.0,5.0,5.0,5.0,5.0,5.0,5.0,5.0,5.0,5.0,5.0,5.0,5.0,5.0,5.0,5.0,5.0,5,5.0,5.0,5.0,5
Brunei,BRN,96.0,835.0,34.0,1,2,12,12.0,12.0,12.0,12.0,12.0,12.0,12.0,12.0,12.0,12.0,12.0,12.0,12.0,12.0,12.0,12.0,12.0,12.0,12.0,12.0,12.0,12,12.0,12.0,12.0,12
Bulgaria,BGR,100.0,355.0,35.0,1,1,9,9.0,9.0,9.0,9.0,9.0,9.0,9.0,9.0,9.0,9.0,9.0,9.0,9.0,9.0,9.0,9.0,9.0,9.0,9.0,9.0,9.0,9,9.0,9.0,9.0,9
Burkina Faso,BFA,854.0,439.0,36.0,2,4,4,4.0,4.0,4.0,4.0,4.0,4.0,4.0,4.0,4.0,4.0,4.0,4.0,4.0,4.0,4.0,4.0,4.0,4.0,4.0,4.0,4.0,4,4.0,4.0,4.0,4
Burundi,BDI,108.0,516.0,38.0,2,4,4,4.0,4.0,4.0,4.0,4.0,4.0,4.0,4.0,4.0,4.0,4.0,4.0,4.0,4.0,4.0,4.0,4.0,4.0,4.0,4.0,4.0,4,4.0,4.0,4.0,4
Cambodia,KHM,116.0,811.0,39.0,1,2,10,10.0,10.0,10.0,10.0,10.0,10.0,10.0,10.0,10.0,10.0,10.0,10.0,10.0,10.0,10.0,10.0,10.0,10.0,10.0,10.0,10.0,10,10.0,10.0,10.0,10
Cameroon,CMR,120.0,471.0,40.0,2,4,4,4.0,4.0,4.0,4.0,4.0,4.0,4.0,4.0,4.0,4.0,4.0,4.0,4.0,4.0,4.0,4.0,4.0,4.0,4.0,4.0,4.0,4,4.0,4.0,4.0,4
Canada,CAN,124.0,20.0,41.0,1,0,4,4.0,4.0,4.0,4.0,4.0,4.0,4.0,4.0,4.0,4.0,4.0,4.0,4.0,4.0,4.0,4.0,4.0,4.0,4.0,4.0,4.0,4,4.0,4.0,4.0,4
Cape Verde,CPV,132.0,402.0,42.0,2,4,9,9.0,9.0,9.0,9.0,9.0,9.0,9.0,9.0,9.0,9.0,9.0,9.0,9.0,9.0,9.0,9.0,9.0,9.0,9.0,9.0,9.0,9,9.0,9.0,9.0,9
Central African Republic,CAF,140.0,482.0,44.0,2,4,4,4.0,4.0,4.0,4.0,4.0,4.0,4.0,4.0,4.0,4.0,4.0,4.0,4.0,4.0,4.0,4.0,4.0,4.0,4.0,4.0,4.0,4,4.0,4.0,4.0,4
Chad,TCD,148.0,483.0,45.0,2,4,6,6.0,6.0,6.0,6.0,6.0,6.0,6.0,6.0,6.0,6.0,6.0,6.0,6.0,6.0,6.0,6.0,6.0,6.0,6.0,6.0,6.0,6,6.0,6.0,6.0,6
Chile,CHL,152.0,155.0,47.0,1,5,9,9.0,9.0,9.0,9.0,9.0,9.0,9.0,9.0,9.0,9.0,9.0,9.0,9.0,9.0,9.0,9.0,9.0,9.0,9.0,9.0,9.0,9,9.0,9.0,9.0,9
China,CHN,156.0,710.0,52.0,2,2,1,1.0,1.0,1.0,1.0,1.0,1.0,1.0,1.0,1.0,1.0,1.0,1.0,1.0,1.0,1.0,1.0,1.0,1.0,1.0,1.0,1.0,1,1.0,1.0,1.0,1
Colombia,COL,170.0,100.0,55.0,1,5,8,8.0,8.0,8.0,8.0,8.0,8.0,8.0,8.0,8.0,8.0,8.0,8.0,8.0,8.0,8.0,8.0,8.0,8.0,8.0,8.0,8.0,8,8.0,8.0,8.0,8
Comoros,COM,174.0,581.0,56.0,2,4,9,9.0,9.0,9.0,9.0,9.0,9.0,9.0,9.0,9.0,9.0,9.0,9.0,9.0,9.0,9.0,9.0,9.0,9.0,9.0,11.0,11.0,11,11.0,11.0,11.0,11
Congo-Brazzaville,COG,178.0,484.0,58.0,2,4,4,4.0,4.0,4.0,4.0,4.0,4.0,4.0,4.0,4.0,4.0,4.0,4.0,4.0,4.0,4.0,4.0,4.0,4.0,4.0,4.0,4.0,4,4.0,4.0,4.0,4
Costa Rica,CRI,188.0,94.0,60.0,2,5,10,10.0,10.0,10.0,10.0,10.0,10.0,10.0,10.0,10.0,10.0,10.0,10.0,10.0,10.0,10.0,10.0,10.0,10.0,10.0,10.0,10.0,10,10.0,10.0,10.0,10
Croatia,HRV,191.0,344.0,62.0,1,1,8,,8.0,8.0,8.0,8.0,8.0,8.0,8.0,8.0,8.0,8.0,8.0,8.0,8.0,8.0,8.0,8.0,8.0,8.0,8.0,8.0,8,8.0,8.0,8.0,8
Cuba,CUB,192.0,40.0,63.0,2,5,0,0.0,0.0,2.0,2.0,2.0,2.0,2.0,2.0,2.0,2.0,2.0,2.0,2.0,2.0,2.0,2.0,2.0,2.0,2.0,2.0,2.0,2,2.0,2.0,2.0,2
"Cyprus, Greek",CYP,196.0,352.0,64.0,0,0,8,8.0,8.0,8.0,8.0,8.0,8.0,8.0,8.0,8.0,8.0,8.0,8.0,8.0,8.0,8.0,8.0,8.0,8.0,8.0,8.0,8.0,8,8.0,8.0,8.0,8
"Cyprus, Turkish",,,,247.0,0,0,9,9.0,9.0,9.0,9.0,9.0,9.0,9.0,9.0,9.0,9.0,9.0,9.0,9.0,9.0,9.0,9.0,9.0,9.0,9.0,9.0,9.0,9,9.0,9.0,9.0,9
Czech Republic,CZE,203.0,316.0,65.0,1,1,6,6.0,6.0,6.0,6.0,6.0,6.0,6.0,6.0,6.0,6.0,6.0,6.0,7.0,7.0,7.0,7.0,7.0,7.0,7.0,7.0,7.0,7,7.0,7.0,7.0,7
Denmark,DNK,208.0,390.0,66.0,0,0,11,11.0,11.0,11.0,11.0,11.0,11.0,11.0,11.0,11.0,11.0,11.0,11.0,11.0,11.0,11.0,11.0,11.0,11.0,11.0,11.0,11.0,11,11.0,11.0,11.0,11
Djibouti,DJI,262.0,522.0,68.0,2,4,10,10.0,10.0,10.0,10.0,10.0,10.0,10.0,10.0,10.0,10.0,10.0,10.0,10.0,10.0,10.0,10.0,10.0,10.0,10.0,10.0,10.0,10,10.0,10.0,10.0,10
Dominican Rep.,DOM,214.0,42.0,70.0,2,5,10,10.0,10.0,10.0,10.0,10.0,10.0,10.0,10.0,10.0,10.0,10.0,10.0,10.0,10.0,10.0,10.0,10.0,10.0,10.0,10.0,10.0,10,10.0,10.0,10.0,10
Ecuador,ECU,218.0,130.0,72.0,2,5,9,9.0,9.0,9.0,9.0,9.0,9.0,9.0,9.0,9.0,9.0,9.0,9.0,9.0,9.0,9.0,9.0,9.0,9.0,9.0,9.0,9.0,9,9.0,9.0,9.0,9
Egypt,EGY,818.0,651.0,73.0,1,3,11,11.0,11.0,11.0,11.0,11.0,11.0,11.0,11.0,11.0,11.0,11.0,11.0,11.0,11.0,11.0,11.0,11.0,11.0,11.0,11.0,11.0,11,11.0,11.0,11.0,11
El Salvador,SLV,222.0,92.0,74.0,2,5,9,9.0,9.0,9.0,9.0,9.0,9.0,9.0,9.0,9.0,9.0,9.0,9.0,9.0,9.0,9.0,9.0,9.0,9.0,9.0,9.0,9.0,9,9.0,9.0,9.0,9
Equatorial Guinea,GNQ,226.0,411.0,75.0,2,4,6,6.0,6.0,9.0,9.0,9.0,9.0,9.0,9.0,9.0,9.0,9.0,9.0,9.0,9.0,9.0,9.0,9.0,9.0,9.0,9.0,9.0,9,9.0,9.0,9.0,9
Eritrea,ERI,232.0,531.0,76.0,2,4,3,,,,3.0,3.0,3.0,3.0,3.0,3.0,3.0,3.0,3.0,3.0,3.0,3.0,3.0,3.0,3.0,3.0,3.0,3.0,3,3.0,3.0,3.0,3
Estonia,EST,233.0,366.0,77.0,1,1,6,,6.0,6.0,6.0,6.0,6.0,6.0,6.0,6.0,6.0,6.0,6.0,6.0,6.0,6.0,6.0,6.0,6.0,6.0,6.0,6.0,6,6.0,6.0,6.0,6
Ethiopia,ETH,231.0,530.0,78.0,2,4,4,4.0,4.0,4.0,4.0,4.0,4.0,4.0,4.0,4.0,4.0,4.0,4.0,4.0,4.0,4.0,4.0,4.0,4.0,4.0,4.0,4.0,4,4.0,4.0,4.0,4
Fiji,FJI,242.0,950.0,81.0,3,2,4,4.0,4.0,4.0,4.0,4.0,4.0,4.0,4.0,4.0,4.0,4.0,4.0,4.0,4.0,4.0,4.0,4.0,4.0,4.0,4.0,4.0,4,4.0,4.0,4.0,4
Finland,FIN,246.0,375.0,82.0,1,0,10,10.0,10.0,10.0,10.0,10.0,10.0,10.0,10.0,10.0,10.0,10.0,10.0,10.0,10.0,10.0,10.0,10.0,10.0,10.0,10.0,10.0,10,10.0,10.0,10.0,10
France,FRA,250.0,220.0,83.0,1,0,3,3.0,3.0,3.0,3.0,3.0,3.0,3.0,3.0,3.0,3.0,3.0,3.0,3.0,3.0,3.0,3.0,3.0,3.0,3.0,3.0,3.0,3,3.0,3.0,3.0,3
Gabon,GAB,266.0,481.0,86.0,2,4,4,4.0,4.0,4.0,4.0,4.0,4.0,4.0,4.0,4.0,4.0,4.0,4.0,4.0,4.0,4.0,4.0,4.0,4.0,4.0,4.0,4.0,4,4.0,4.0,4.0,4
Gambia,GMB,270.0,420.0,87.0,2,4,4,4.0,4.0,4.0,4.0,4.0,4.0,4.0,4.0,4.0,4.0,4.0,4.0,4.0,9.0,9.0,9.0,9.0,9.0,9.0,9.0,9.0,9,9.0,9.0,9.0,9
Gaza,,,,,0,3,12,,,,,,,,,,,,,,,,,12.0,12.0,12.0,12.0,12.0,12,12.0,12.0,12.0,12
Georgia,GEO,268.0,372.0,89.0,1,1,9,,9.0,9.0,9.0,9.0,9.0,9.0,9.0,9.0,9.0,9.0,9.0,9.0,9.0,9.0,9.0,9.0,9.0,9.0,9.0,9.0,9,9.0,9.0,9.0,9
Germany,DEU,276.0,255.0,90.0,1,0,6,6.0,6.0,6.0,6.0,6.0,6.0,6.0,6.0,6.0,6.0,6.0,6.0,6.0,6.0,6.0,6.0,6.0,6.0,6.0,6.0,6.0,6,6.0,6.0,6.0,6
Ghana,GHA,288.0,452.0,91.0,2,4,4,4.0,4.0,4.0,4.0,4.0,4.0,4.0,4.0,4.0,4.0,4.0,4.0,4.0,4.0,4.0,4.0,4.0,4.0,4.0,4.0,4.0,4,4.0,4.0,4.0,4
Greece,GRC,300.0,350.0,93.0,1,0,11,11.0,11.0,11.0,11.0,11.0,11.0,11.0,11.0,11.0,11.0,11.0,11.0,11.0,11.0,11.0,11.0,11.0,11.0,11.0,11.0,11.0,11,11.0,11.0,11.0,11
Guatemala,GTM,320.0,90.0,98.0,2,5,9,9.0,9.0,9.0,9.0,9.0,9.0,9.0,9.0,9.0,9.0,9.0,9.0,9.0,9.0,9.0,9.0,9.0,9.0,9.0,9.0,9.0,9,9.0,9.0,9.0,9
Guinea,GIN,324.0,438.0,101.0,2,4,9,9.0,9.0,9.0,9.0,9.0,9.0,9.0,9.0,9.0,9.0,9.0,9.0,9.0,9.0,9.0,9.0,9.0,9.0,9.0,9.0,9.0,9,9.0,9.0,9.0,9
Guinea Bissau,GNB,624.0,404.0,100.0,2,4,4,4.0,4.0,4.0,4.0,4.0,4.0,4.0,4.0,4.0,4.0,4.0,4.0,4.0,4.0,4.0,4.0,4.0,4.0,4.0,4.0,4.0,4,4.0,4.0,4.0,4
Guyana,GUY,328.0,110.0,102.0,0,5,4,4.0,4.0,4.0,4.0,4.0,4.0,4.0,4.0,4.0,4.0,4.0,4.0,4.0,4.0,4.0,4.0,4.0,4.0,4.0,4.0,4.0,4,4.0,4.0,4.0,4
Haiti,HTI,332.0,41.0,103.0,0,5,9,9.0,9.0,9.0,9.0,9.0,9.0,9.0,9.0,9.0,9.0,9.0,9.0,9.0,9.0,9.0,9.0,9.0,9.0,9.0,9.0,9.0,9,9.0,9.0,9.0,9
Honduras,HND,340.0,91.0,105.0,0,5,9,9.0,9.0,9.0,9.0,9.0,9.0,9.0,9.0,9.0,9.0,9.0,9.0,9.0,9.0,9.0,9.0,9.0,9.0,9.0,9.0,8.0,8,8.0,8.0,8.0,8
Hungary,HUN,348.0,310.0,106.0,1,1,7,7.0,7.0,7.0,7.0,7.0,7.0,7.0,7.0,7.0,7.0,7.0,7.0,7.0,7.0,7.0,7.0,7.0,7.0,7.0,7.0,7.0,7,7.0,7.0,7.0,7
Iceland,ISL,352.0,395.0,107.0,0,0,10,10.0,10.0,10.0,10.0,10.0,10.0,10.0,10.0,10.0,10.0,10.0,10.0,10.0,10.0,10.0,10.0,10.0,10.0,10.0,10.0,10.0,10,10.0,10.0,10.0,10
India,IND,356.0,750.0,108.0,2,2,8,8.0,8.0,8.0,8.0,8.0,8.0,8.0,8.0,8.0,8.0,8.0,8.0,8.0,8.0,8.0,8.0,8.0,8.0,8.0,8.0,8.0,8,8.0,8.0,8.0,8
Indonesia,IDN,360.0,850.0,109.0,1,2,8,8.0,8.0,8.0,8.0,8.0,8.0,8.0,8.0,8.0,8.0,8.0,8.0,8.0,8.0,8.0,8.0,8.0,8.0,8.0,8.0,8.0,8,8.0,8.0,8.0,8
Iran,IRN,364.0,630.0,110.0,0,3,12,12.0,12.0,12.0,12.0,12.0,12.0,12.0,12.0,12.0,12.0,12.0,12.0,12.0,12.0,12.0,12.0,12.0,12.0,12.0,12.0,12.0,12,12.0,12.0,12.0,12
Iraq,IRQ,368.0,645.0,111.0,0,3,11,11.0,11.0,11.0,11.0,11.0,11.0,11.0,11.0,11.0,11.0,11.0,11.0,11.0,,10.0,10.0,10.0,10.0,10.0,10.0,10.0,10,10.0,10.0,10.0,10
Ireland,IRL,372.0,205.0,112.0,0,0,9,9.0,9.0,9.0,9.0,9.0,9.0,9.0,9.0,9.0,9.0,9.0,9.0,9.0,9.0,9.0,9.0,9.0,9.0,9.0,9.0,9.0,9,9.0,9.0,9.0,9
Israel,ISR,376.0,666.0,113.0,0,3,10,10.0,10.0,10.0,10.0,10.0,10.0,10.0,10.0,10.0,10.0,10.0,10.0,10.0,10.0,10.0,10.0,10.0,10.0,10.0,10.0,10.0,10,10.0,10.0,10.0,10
Italy,ITA,380.0,325.0,115.0,0,0,8,8.0,8.0,8.0,8.0,8.0,8.0,8.0,8.0,8.0,8.0,8.0,8.0,8.0,8.0,8.0,8.0,8.0,8.0,8.0,8.0,8.0,8,8.0,8.0,8.0,8
Ivory Coast,CIV,384.0,437.0,61.0,2,4,9,9.0,9.0,9.0,9.0,9.0,9.0,9.0,9.0,9.0,9.0,9.0,9.0,9.0,9.0,9.0,9.0,9.0,9.0,9.0,9.0,9.0,9,9.0,9.0,9.0,9
Jamaica,JAM,388.0,51.0,116.0,0,5,4,4.0,4.0,4.0,4.0,4.0,4.0,4.0,4.0,4.0,4.0,4.0,4.0,4.0,4.0,4.0,4.0,4.0,4.0,4.0,4.0,4.0,4,4.0,4.0,4.0,4
Japan,JPN,392.0,740.0,117.0,3,2,4,4.0,4.0,4.0,4.0,4.0,4.0,4.0,4.0,4.0,4.0,4.0,4.0,4.0,4.0,4.0,4.0,4.0,4.0,4.0,4.0,4.0,4,4.0,4.0,4.0,4
Jordan,JOR,400.0,663.0,119.0,0,3,11,11.0,11.0,11.0,11.0,11.0,11.0,11.0,11.0,11.0,11.0,11.0,11.0,11.0,11.0,11.0,11.0,11.0,11.0,11.0,11.0,11.0,11,11.0,11.0,11.0,11
Kazakhstan,KAZ,398.0,705.0,120.0,1,1,6,,6.0,6.0,6.0,6.0,6.0,6.0,6.0,6.0,6.0,6.0,6.0,6.0,6.0,6.0,6.0,6.0,6.0,6.0,6.0,6.0,6,6.0,6.0,6.0,6
Kenya,KEN,404.0,501.0,121.0,2,4,6,6.0,6.0,6.0,6.0,6.0,6.0,6.0,6.0,6.0,6.0,6.0,6.0,6.0,6.0,6.0,6.0,6.0,6.0,6.0,6.0,6.0,6,6.0,6.0,6.0,6
Kosovo,,,347.0,250.0,1,1,6,,,,,,,,,,,,,,,,,,,6.0,6.0,6.0,6,6.0,6.0,6.0,6
Kurdistan (Iraq),,,,,0,3,10,,,,,,,,,,,,,,,10.0,10.0,10.0,10.0,10.0,10.0,10.0,10,10.0,10.0,10.0,10
Kuwait,KWT,414.0,690.0,125.0,1,3,12,12.0,12.0,12.0,12.0,12.0,12.0,12.0,12.0,12.0,12.0,12.0,12.0,12.0,12.0,12.0,12.0,12.0,12.0,12.0,12.0,12.0,12,12.0,12.0,12.0,12
Kyrgyzstan,KGZ,417.0,703.0,126.0,1,1,1,,1.0,1.0,1.0,1.0,1.0,1.0,1.0,1.0,1.0,1.0,1.0,1.0,1.0,1.0,1.0,1.0,1.0,1.0,1.0,1.0,1,1.0,1.0,1.0,1
Laos,LAO,418.0,812.0,127.0,1,2,1,1.0,1.0,1.0,1.0,1.0,1.0,1.0,1.0,1.0,1.0,1.0,1.0,1.0,1.0,1.0,1.0,1.0,1.0,1.0,1.0,1.0,1,1.0,1.0,1.0,1
Latvia,LVA,428.0,367.0,128.0,1,1,7,,7.0,7.0,7.0,7.0,7.0,7.0,7.0,7.0,7.0,7.0,7.0,7.0,7.0,7.0,7.0,7.0,7.0,7.0,7.0,7.0,7,7.0,7.0,7.0,7
Lebanon,LBN,422.0,660.0,129.0,0,3,6,6.0,6.0,6.0,6.0,6.0,6.0,6.0,6.0,6.0,6.0,6.0,6.0,6.0,6.0,6.0,6.0,6.0,6.0,6.0,6.0,6.0,6,6.0,6.0,6.0,6
Lesotho,LSO,426.0,570.0,130.0,2,4,4,4.0,4.0,4.0,4.0,4.0,4.0,4.0,4.0,4.0,4.0,4.0,4.0,4.0,4.0,4.0,4.0,4.0,4.0,4.0,4.0,4.0,4,4.0,4.0,4.0,4
Liberia,LBR,430.0,450.0,131.0,2,4,5,5.0,5.0,5.0,5.0,5.0,5.0,5.0,5.0,5.0,5.0,5.0,5.0,5.0,5.0,5.0,5.0,5.0,5.0,5.0,5.0,5.0,5,5.0,5.0,5.0,5
Libya,LBY,434.0,620.0,132.0,0,3,11,11.0,11.0,11.0,11.0,11.0,11.0,11.0,11.0,11.0,11.0,11.0,11.0,11.0,11.0,11.0,11.0,11.0,11.0,11.0,11.0,11.0,10,10.0,10.0,10.0,10
Liechtenstein,LIE,438.0,223.0,133.0,1,0,10,10.0,10.0,10.0,10.0,10.0,10.0,10.0,10.0,10.0,10.0,10.0,10.0,10.0,10.0,10.0,10.0,10.0,10.0,10.0,10.0,10.0,10,10.0,10.0,10.0,10
Lithuania,LTU,440.0,368.0,134.0,1,1,7,,7.0,7.0,7.0,7.0,7.0,7.0,7.0,7.0,7.0,7.0,7.0,7.0,7.0,7.0,7.0,7.0,7.0,7.0,7.0,7.0,7,7.0,7.0,7.0,7
Luxembourg,LUX,442.0,212.0,135.0,1,0,5,5.0,5.0,5.0,5.0,5.0,5.0,5.0,5.0,5.0,6.0,6.0,6.0,6.0,6.0,6.0,6.0,6.0,6.0,6.0,6.0,6.0,6,6.0,6.0,6.0,6
Macedonia,MKD,807.0,343.0,136.0,0,1,8,,8.0,8.0,8.0,8.0,8.0,8.0,8.0,8.0,8.0,8.0,8.0,8.0,8.0,8.0,8.0,8.0,8.0,8.0,8.0,8.0,8,8.0,8.0,8.0,8
Madagascar,MDG,450.0,580.0,137.0,2,4,6,6.0,6.0,6.0,6.0,6.0,6.0,6.0,6.0,6.0,6.0,6.0,6.0,6.0,6.0,6.0,6.0,6.0,6.0,6.0,3.0,3.0,3,3.0,3.0,4.0,4
Malawi,MWI,454.0,553.0,138.0,2,4,6,6.0,6.0,6.0,6.0,6.0,6.0,6.0,6.0,6.0,6.0,6.0,6.0,6.0,6.0,6.0,6.0,6.0,6.0,6.0,6.0,6.0,6,6.0,6.0,6.0,6
Malaysia,MYS,458.0,820.0,139.0,1,2,12,12.0,12.0,12.0,12.0,12.0,12.0,12.0,12.0,12.0,12.0,12.0,12.0,12.0,12.0,12.0,12.0,12.0,12.0,12.0,12.0,12.0,12,12.0,12.0,12.0,12
Maldives,MDV,462.0,781.0,140.0,3,2,13,13.0,13.0,13.0,13.0,13.0,13.0,13.0,13.0,13.0,13.0,13.0,13.0,13.0,13.0,13.0,13.0,13.0,13.0,13.0,13.0,13.0,13,13.0,13.0,13.0,13
Mali,MLI,466.0,432.0,141.0,2,4,4,4.0,4.0,4.0,4.0,4.0,4.0,4.0,4.0,4.0,4.0,4.0,4.0,4.0,4.0,4.0,4.0,4.0,4.0,4.0,4.0,4.0,4,4.0,4.0,4.0,4
Malta,MLT,470.0,338.0,142.0,1,0,10,10.0,10.0,10.0,10.0,10.0,10.0,10.0,10.0,10.0,10.0,10.0,10.0,10.0,10.0,10.0,10.0,10.0,10.0,10.0,10.0,10.0,10,10.0,10.0,10.0,10
Mauritania,MRT,478.0,435.0,146.0,0,4,10,10.0,10.0,10.0,10.0,10.0,10.0,10.0,10.0,10.0,10.0,10.0,10.0,10.0,11.0,11.0,11.0,11.0,11.0,11.0,11.0,11.0,11,11.0,11.0,11.0,11
Mauritius,MUS,480.0,590.0,147.0,2,4,6,6.0,6.0,6.0,6.0,6.0,6.0,6.0,6.0,6.0,6.0,6.0,6.0,6.0,6.0,6.0,6.0,6.0,6.0,6.0,6.0,6.0,6,6.0,6.0,6.0,6
Mexico,MEX,484.0,70.0,149.0,0,5,3,3.0,3.0,3.0,3.0,3.0,3.0,3.0,3.0,3.0,3.0,3.0,3.0,3.0,3.0,3.0,3.0,3.0,3.0,3.0,3.0,3.0,3,3.0,3.0,3.0,3
Moldova,MDA,498.0,359.0,151.0,0,1,9,,9.0,9.0,9.0,9.0,9.0,9.0,9.0,9.0,9.0,9.0,9.0,9.0,9.0,9.0,9.0,9.0,9.0,9.0,9.0,9.0,9,9.0,9.0,9.0,9
Mongolia,MNG,496.0,712.0,153.0,3,2,2,2.0,2.0,3.0,3.0,3.0,8.0,8.0,8.0,8.0,8.0,8.0,8.0,8.0,8.0,8.0,8.0,8.0,8.0,8.0,8.0,8.0,8,8.0,8.0,8.0,8
Montenegro,MNE,499.0,341.0,249.0,0,1,7,,,,,,,,,,,,,,,,,7.0,7.0,7.0,7.0,7.0,7,7.0,7.0,7.0,7
Morocco,MAR,504.0,600.0,155.0,1,3,10,10.0,10.0,10.0,10.0,10.0,10.0,10.0,10.0,10.0,10.0,10.0,10.0,10.0,11.0,11.0,11.0,11.0,11.0,11.0,11.0,11.0,11,11.0,11.0,11.0,11
Mozambique,MOZ,508.0,541.0,156.0,2,4,4,4.0,4.0,4.0,4.0,4.0,4.0,4.0,4.0,4.0,4.0,4.0,4.0,4.0,4.0,4.0,4.0,4.0,4.0,4.0,4.0,4.0,4,4.0,4.0,4.0,4
Myanmar (Burma),MMR,104.0,775.0,37.0,1,2,9,9.0,9.0,9.0,9.0,9.0,9.0,9.0,9.0,9.0,9.0,9.0,9.0,9.0,9.0,9.0,9.0,9.0,9.0,9.0,9.0,9.0,9,9.0,9.0,9.0,9
Namibia,NAM,516.0,565.0,157.0,2,4,4,4.0,4.0,4.0,4.0,4.0,4.0,4.0,4.0,4.0,4.0,4.0,4.0,4.0,4.0,4.0,4.0,4.0,4.0,4.0,4.0,4.0,4,4.0,4.0,4.0,4
Nepal,NPL,524.0,790.0,159.0,3,2,9,9.0,9.0,9.0,9.0,9.0,9.0,9.0,9.0,9.0,9.0,9.0,9.0,9.0,9.0,9.0,9.0,9.0,6.0,6.0,6.0,6.0,6,6.0,6.0,6.0,6
Netherlands,NLD,528.0,210.0,160.0,1,0,4,4.0,4.0,4.0,4.0,4.0,4.0,4.0,4.0,4.0,4.0,4.0,4.0,4.0,4.0,4.0,4.0,4.0,4.0,4.0,4.0,4.0,4,4.0,4.0,4.0,4
New Zealand,NZL,554.0,920.0,163.0,1,0,5,5.0,5.0,5.0,5.0,5.0,5.0,5.0,5.0,5.0,5.0,5.0,5.0,5.0,5.0,5.0,5.0,5.0,5.0,5.0,5.0,5.0,5,5.0,5.0,5.0,5
Nicaragua,NIC,558.0,93.0,164.0,0,5,9,9.0,9.0,9.0,9.0,9.0,9.0,9.0,9.0,9.0,9.0,9.0,9.0,9.0,9.0,9.0,9.0,9.0,9.0,9.0,8.0,8.0,8,8.0,8.0,8.0,8
Niger,NER,562.0,436.0,165.0,2,4,4,4.0,4.0,4.0,4.0,4.0,4.0,4.0,4.0,4.0,4.0,4.0,4.0,4.0,4.0,4.0,4.0,4.0,4.0,4.0,4.0,4.0,4,4.0,4.0,4.0,4
Nigeria,NGA,566.0,475.0,166.0,2,4,6,6.0,6.0,6.0,6.0,6.0,6.0,6.0,6.0,6.0,6.0,6.0,6.0,6.0,6.0,6.0,6.0,6.0,6.0,6.0,6.0,6.0,6,6.0,6.0,6.0,6
North Korea,PRK,408.0,731.0,123.0,2,2,0,0.0,0.0,0.0,0.0,0.0,0.0,0.0,0.0,0.0,0.0,0.0,0.0,0.0,0.0,0.0,0.0,0.0,0.0,0.0,0.0,0.0,0,0.0,0.0,0.0,0
Norway,NOR,578.0,385.0,170.0,1,0,10,10.0,10.0,10.0,10.0,10.0,10.0,10.0,10.0,10.0,10.0,10.0,10.0,10.0,10.0,10.0,10.0,10.0,10.0,10.0,10.0,10.0,10,10.0,10.0,10.0,10
Oman,OMN,512.0,698.0,171.0,1,3,12,12.0,12.0,12.0,12.0,12.0,12.0,12.0,12.0,12.0,12.0,12.0,12.0,12.0,12.0,12.0,12.0,12.0,12.0,12.0,12.0,12.0,12,12.0,12.0,12.0,12
Pakistan,PAK,586.0,770.0,172.0,3,2,12,12.0,12.0,12.0,12.0,12.0,12.0,12.0,12.0,12.0,12.0,12.0,12.0,12.0,12.0,12.0,12.0,12.0,12.0,12.0,12.0,12.0,12,12.0,12.0,12.0,12
Palestinian Authority (West Bank),PSE,275.0,,114.0,0,3,11,,,,,,,,,,,,,,,,,11.0,11.0,11.0,11.0,11.0,11,11.0,11.0,11.0,11
Panama,PAN,591.0,95.0,174.0,0,5,9,9.0,9.0,9.0,9.0,9.0,9.0,9.0,9.0,9.0,9.0,9.0,9.0,9.0,9.0,9.0,9.0,9.0,9.0,9.0,9.0,9.0,9,9.0,9.0,9.0,9
Papua New Guinea,PNG,598.0,910.0,175.0,1,2,6,6.0,6.0,6.0,6.0,6.0,6.0,6.0,6.0,6.0,6.0,6.0,6.0,6.0,6.0,6.0,6.0,6.0,6.0,6.0,6.0,6.0,6,6.0,6.0,6.0,6
Paraguay,PRY,600.0,150.0,176.0,0,5,10,10.0,10.0,9.0,9.0,9.0,9.0,9.0,9.0,9.0,9.0,9.0,9.0,9.0,9.0,9.0,9.0,9.0,9.0,9.0,9.0,9.0,9,9.0,9.0,9.0,9
Peru,PER,604.0,135.0,177.0,0,5,9,9.0,9.0,9.0,9.0,9.0,9.0,9.0,9.0,9.0,9.0,9.0,9.0,9.0,9.0,9.0,9.0,9.0,9.0,9.0,9.0,9.0,9,9.0,9.0,9.0,9
Philippines,PHL,608.0,840.0,178.0,1,2,6,6.0,6.0,6.0,6.0,6.0,6.0,6.0,6.0,6.0,6.0,6.0,6.0,6.0,6.0,6.0,6.0,6.0,6.0,6.0,6.0,6.0,6,6.0,6.0,6.0,6
Poland,POL,616.0,290.0,180.0,0,1,8,8.0,8.0,8.0,8.0,8.0,8.0,8.0,8.0,8.0,8.0,8.0,8.0,8.0,8.0,8.0,8.0,8.0,8.0,8.0,8.0,8.0,8,8.0,8.0,8.0,8
Portugal,PRT,620.0,235.0,181.0,1,0,9,9.0,9.0,9.0,9.0,9.0,9.0,9.0,9.0,9.0,9.0,9.0,8.0,8.0,8.0,8.0,8.0,8.0,8.0,8.0,8.0,8.0,8,8.0,8.0,8.0,8
Qatar,QAT,634.0,694.0,183.0,0,3,12,12.0,12.0,12.0,12.0,12.0,12.0,12.0,12.0,12.0,12.0,12.0,12.0,12.0,12.0,12.0,12.0,12.0,12.0,12.0,12.0,12.0,12,12.0,12.0,12.0,12
Romania,ROU,642.0,360.0,185.0,0,1,8,8.0,8.0,8.0,8.0,8.0,8.0,8.0,8.0,8.0,8.0,8.0,8.0,8.0,8.0,8.0,8.0,8.0,8.0,8.0,8.0,8.0,8,8.0,8.0,8.0,8
Russia,RUS,643.0,365.0,186.0,0,1,6,6.0,6.0,6.0,6.0,6.0,6.0,6.0,8.0,8.0,8.0,8.0,8.0,8.0,8.0,8.0,8.0,8.0,8.0,8.0,8.0,8.0,8,8.0,8.0,8.0,8
Rwanda,RWA,646.0,517.0,187.0,2,4,4,4.0,4.0,4.0,4.0,4.0,4.0,4.0,4.0,4.0,4.0,4.0,4.0,4.0,3.0,3.0,3.0,3.0,3.0,3.0,3.0,3.0,3,3.0,3.0,3.0,3
Saudi Arabia,SAU,682.0,670.0,196.0,0,3,13,13.0,13.0,13.0,13.0,13.0,13.0,13.0,13.0,13.0,13.0,13.0,13.0,13.0,13.0,13.0,13.0,13.0,13.0,13.0,13.0,13.0,13,13.0,13.0,13.0,13
Senegal,SEN,686.0,433.0,197.0,2,4,5,5.0,5.0,5.0,5.0,5.0,5.0,5.0,5.0,5.0,5.0,5.0,5.0,5.0,5.0,5.0,5.0,5.0,5.0,5.0,5.0,5.0,5,5.0,5.0,5.0,5
Serbia (Yugoslavia),SRB,688.0,,248.0,0,1,3,3.0,3.0,8.0,8.0,8.0,8.0,8.0,8.0,8.0,8.0,8.0,8.0,8.0,8.0,8.0,8.0,8.0,8.0,8.0,8.0,8.0,8,8.0,8.0,8.0,8
Sierra Leone,SLE,694.0,451.0,200.0,2,4,4,4.0,4.0,4.0,4.0,4.0,4.0,4.0,4.0,4.0,4.0,4.0,4.0,4.0,4.0,4.0,4.0,4.0,4.0,4.0,4.0,4.0,4,4.0,4.0,4.0,4
Singapore,SGP,702.0,830.0,201.0,0,2,4,4.0,4.0,4.0,4.0,4.0,4.0,4.0,4.0,4.0,4.0,4.0,4.0,4.0,4.0,4.0,4.0,4.0,4.0,4.0,4.0,4.0,4,4.0,4.0,4.0,4
Slovak Republic,SVK,703.0,317.0,202.0,0,1,7,,,,7.0,7.0,7.0,7.0,7.0,7.0,7.0,7.0,8.0,8.0,8.0,8.0,8.0,8.0,8.0,8.0,8.0,8.0,8,8.0,8.0,8.0,8
Slovenia,SVN,705.0,349.0,203.0,0,1,6,,6.0,6.0,6.0,6.0,6.0,6.0,6.0,6.0,6.0,6.0,6.0,6.0,6.0,6.0,6.0,6.0,6.0,6.0,6.0,6.0,6,6.0,6.0,6.0,6
Solomon Islands,SLB,90.0,940.0,204.0,3,2,6,6.0,6.0,6.0,6.0,6.0,6.0,6.0,6.0,6.0,6.0,6.0,6.0,6.0,6.0,6.0,6.0,6.0,6.0,6.0,6.0,6.0,6,6.0,6.0,6.0,6
Somalia,SOM,706.0,520.0,205.0,2,4,9,9.0,9.0,9.0,9.0,9.0,9.0,10.0,10.0,10.0,10.0,10.0,10.0,10.0,10.0,10.0,10.0,10.0,10.0,10.0,10.0,10.0,10,10.0,10.0,10.0,10
South Africa,ZAF,710.0,560.0,207.0,3,4,4,4.0,4.0,4.0,4.0,4.0,4.0,4.0,4.0,4.0,4.0,4.0,4.0,4.0,4.0,4.0,4.0,4.0,4.0,4.0,4.0,4.0,4,4.0,4.0,4.0,4
South Korea,KOR,410.0,732.0,124.0,2,2,4,4.0,4.0,4.0,4.0,4.0,4.0,4.0,4.0,4.0,4.0,4.0,4.0,4.0,4.0,4.0,4.0,4.0,4.0,4.0,4.0,4.0,4,4.0,4.0,4.0,4
South Sudan,SSD,728.0,626.0,,2,4,4,,,,,,,,,,,,,,,,,,,,,,4,4.0,4.0,4.0,4
Spain,ESP,724.0,230.0,208.0,1,0,8,8.0,8.0,8.0,8.0,8.0,8.0,8.0,8.0,8.0,8.0,8.0,8.0,8.0,8.0,8.0,8.0,8.0,8.0,8.0,8.0,8.0,8,8.0,8.0,8.0,8
Sri Lanka,LKA,144.0,780.0,210.0,2,2,8,8.0,8.0,8.0,8.0,8.0,8.0,8.0,8.0,8.0,8.0,8.0,8.0,8.0,8.0,8.0,8.0,8.0,8.0,8.0,8.0,8.0,8,8.0,8.0,8.0,8
Sudan,SDN,729.0,625.0,211.0,1,4,10,10.0,10.0,10.0,10.0,10.0,10.0,10.0,10.0,10.0,10.0,10.0,10.0,10.0,10.0,10.0,9.0,9.0,9.0,9.0,9.0,9.0,9,9.0,9.0,9.0,9
Suriname,SUR,740.0,115.0,212.0,0,5,5,5.0,5.0,5.0,5.0,5.0,5.0,5.0,5.0,5.0,5.0,5.0,5.0,5.0,5.0,5.0,5.0,5.0,5.0,5.0,5.0,5.0,5,5.0,5.0,5.0,5
Swaziland,SWZ,748.0,572.0,214.0,2,4,6,6.0,6.0,6.0,6.0,6.0,6.0,6.0,6.0,6.0,6.0,6.0,6.0,6.0,6.0,6.0,6.0,6.0,6.0,6.0,6.0,6.0,6,6.0,6.0,6.0,6
Sweden,SWE,752.0,380.0,215.0,1,0,10,10.0,10.0,10.0,10.0,10.0,10.0,10.0,10.0,10.0,10.0,10.0,6.0,6.0,6.0,6.0,6.0,6.0,6.0,6.0,6.0,6.0,6,6.0,6.0,6.0,6
Switzerland,CHE,756.0,225.0,216.0,0,0,7,7.0,7.0,7.0,7.0,7.0,7.0,7.0,7.0,7.0,7.0,7.0,7.0,7.0,7.0,7.0,7.0,7.0,7.0,7.0,7.0,7.0,7,7.0,7.0,7.0,7
Syria,SYR,760.0,652.0,217.0,0,3,8,8.0,8.0,8.0,8.0,8.0,8.0,8.0,8.0,8.0,8.0,8.0,8.0,8.0,8.0,8.0,8.0,8.0,8.0,8.0,8.0,8.0,8,,,,8
Taiwan,TWN,158.0,713.0,50.0,2,2,4,4.0,4.0,4.0,4.0,4.0,4.0,4.0,4.0,4.0,4.0,4.0,4.0,4.0,4.0,4.0,4.0,4.0,4.0,4.0,4.0,4.0,4,4.0,4.0,4.0,4
Tajikistan,TJK,762.0,702.0,218.0,0,1,1,,1.0,1.0,1.0,1.0,1.0,1.0,1.0,1.0,1.0,1.0,1.0,1.0,1.0,1.0,1.0,1.0,1.0,1.0,1.0,1.0,1,1.0,1.0,1.0,1
Tanzania,TZA,834.0,510.0,219.0,3,4,6,6.0,6.0,6.0,6.0,6.0,6.0,6.0,6.0,6.0,6.0,6.0,6.0,6.0,6.0,6.0,6.0,6.0,6.0,6.0,6.0,6.0,6,6.0,6.0,6.0,6
Thailand,THA,764.0,800.0,220.0,0,2,8,8.0,8.0,8.0,8.0,8.0,8.0,8.0,8.0,8.0,8.0,8.0,8.0,8.0,8.0,8.0,8.0,8.0,8.0,8.0,8.0,8.0,8,8.0,8.0,8.0,8
Timor,TLS,626.0,860.0,71.0,0,2,6,,,,,,,,,,,,,6.0,6.0,6.0,6.0,6.0,6.0,6.0,6.0,6.0,6,6.0,6.0,6.0,6
Togo,TGO,768.0,461.0,221.0,3,4,6,6.0,6.0,6.0,6.0,6.0,6.0,6.0,6.0,6.0,6.0,6.0,6.0,6.0,6.0,6.0,6.0,6.0,6.0,6.0,6.0,6.0,6,6.0,6.0,6.0,6
Trinidad & Tobago,TTO,780.0,52.0,224.0,0,5,4,4.0,4.0,4.0,4.0,4.0,4.0,4.0,4.0,4.0,4.0,4.0,4.0,4.0,4.0,4.0,4.0,4.0,4.0,4.0,4.0,4.0,4,4.0,4.0,4.0,4
Tunisia,TUN,788.0,616.0,225.0,1,3,11,11.0,11.0,11.0,11.0,11.0,11.0,11.0,11.0,11.0,11.0,11.0,11.0,11.0,11.0,11.0,11.0,11.0,11.0,11.0,11.0,11.0,11,11.0,11.0,11.0,11
Turkey,TUR,792.0,640.0,226.0,0,3,3,3.0,3.0,3.0,3.0,3.0,3.0,3.0,3.0,3.0,3.0,3.0,3.0,3.0,3.0,3.0,3.0,3.0,3.0,3.0,3.0,8.0,8,8.0,8.0,8.0,8
Turkmenistan,TKM,795.0,701.0,227.0,0,1,1,,1.0,1.0,1.0,1.0,1.0,1.0,1.0,1.0,1.0,1.0,1.0,1.0,1.0,1.0,1.0,1.0,1.0,1.0,1.0,1.0,1,1.0,1.0,1.0,1
UAE,ARE,784.0,696.0,232.0,0,3,11,11.0,11.0,11.0,11.0,11.0,11.0,11.0,11.0,11.0,11.0,11.0,11.0,11.0,11.0,11.0,11.0,11.0,11.0,11.0,11.0,11.0,11,11.0,11.0,11.0,11
UK,GBR,826.0,200.0,233.0,0,0,10,10.0,10.0,10.0,10.0,10.0,10.0,10.0,10.0,10.0,10.0,10.0,10.0,10.0,10.0,10.0,10.0,10.0,10.0,10.0,10.0,10.0,10,10.0,10.0,10.0,10
USA,USA,840.0,2.0,,0,0,4,4.0,4.0,4.0,4.0,4.0,4.0,4.0,4.0,4.0,4.0,4.0,4.0,4.0,4.0,4.0,4.0,4.0,4.0,4.0,4.0,4.0,4,4.0,4.0,4.0,4
Uganda,UGA,800.0,500.0,230.0,3,4,4,4.0,4.0,4.0,4.0,4.0,4.0,4.0,4.0,4.0,4.0,4.0,4.0,4.0,4.0,4.0,4.0,4.0,4.0,4.0,4.0,4.0,4,4.0,4.0,4.0,4
Ukraine,UKR,804.0,369.0,231.0,0,1,4,,4.0,4.0,4.0,4.0,4.0,4.0,4.0,4.0,4.0,4.0,4.0,4.0,4.0,4.0,4.0,4.0,4.0,4.0,4.0,4.0,4,4.0,4.0,4.0,4
Uruguay,URY,858.0,165.0,235.0,0,5,3,3.0,3.0,3.0,3.0,3.0,3.0,3.0,3.0,3.0,3.0,3.0,3.0,3.0,3.0,3.0,3.0,3.0,3.0,3.0,3.0,3.0,3,3.0,3.0,3.0,3
Uzbekistan,UZB,860.0,704.0,236.0,0,1,1,,1.0,1.0,1.0,1.0,1.0,1.0,1.0,1.0,1.0,1.0,1.0,1.0,1.0,1.0,1.0,1.0,1.0,1.0,1.0,1.0,1,1.0,1.0,1.0,1
Vanuatu,VUT,548.0,935.0,237.0,1,2,6,6.0,6.0,6.0,6.0,6.0,6.0,6.0,6.0,6.0,6.0,6.0,6.0,6.0,6.0,6.0,6.0,6.0,6.0,6.0,6.0,6.0,6,6.0,6.0,6.0,6
Venezuala,VEN,862.0,101.0,238.0,0,5,9,9.0,9.0,9.0,9.0,9.0,9.0,9.0,9.0,9.0,9.0,9.0,9.0,9.0,9.0,9.0,9.0,9.0,9.0,9.0,9.0,9.0,9,9.0,9.0,9.0,9
Vietnam,VNM,704.0,816.0,239.0,0,2,0,0.0,1.0,1.0,1.0,1.0,1.0,1.0,1.0,1.0,1.0,1.0,1.0,1.0,1.0,1.0,1.0,1.0,1.0,1.0,1.0,1.0,1,1.0,1.0,1.0,1
Western Sahara,ESH,732.0,,243.0,1,3,10,10.0,10.0,10.0,10.0,10.0,10.0,10.0,10.0,10.0,10.0,10.0,10.0,10.0,11.0,11.0,11.0,11.0,11.0,11.0,11.0,11.0,11,11.0,11.0,11.0,11
Yemen,YEM,887.0,679.0,244.0,0,3,10,10.0,10.0,10.0,10.0,10.0,10.0,10.0,10.0,10.0,10.0,10.0,11.0,11.0,11.0,11.0,11.0,11.0,11.0,11.0,11.0,11.0,11,11.0,11.0,11.0,11
Zaire (Dem Rep Congo),COD,180.0,490.0,57.0,3,4,3,3.0,3.0,3.0,3.0,4.0,4.0,4.0,4.0,4.0,4.0,4.0,4.0,4.0,4.0,4.0,4.0,4.0,4.0,4.0,4.0,4.0,4,4.0,4.0,4.0,4
Zambia,ZMB,894.0,551.0,245.0,3,4,9,9.0,9.0,9.0,9.0,9.0,9.0,10.0,10.0,10.0,10.0,10.0,10.0,10.0,10.0,10.0,10.0,10.0,10.0,10.0,10.0,10.0,10,10.0,10.0,10.0,10
Zanzibar,,,511.0,,3,4,9,9.0,9.0,9.0,9.0,9.0,9.0,9.0,9.0,9.0,9.0,9.0,9.0,9.0,9.0,9.0,9.0,9.0,9.0,9.0,9.0,9.0,9,9.0,9.0,9.0,9
Zimbabwe,ZWE,716.0,552.0,246.0,3,4,4,4.0,4.0,4.0,4.0,4.0,4.0,4.0,4.0,4.0,4.0,4.0,4.0,4.0,4.0,4.0,4.0,4.0,4.0,9.0,9.0,9.0,9,9.0,4.0,4.0,4
